lastUpdated,title,url
" This page was last edited on 29 March 2021, at 18:37",Kevin Bacon,https://en.wikipedia.org/wiki/Kevin_Bacon
" This page was last edited on 19 May 2021, at 02:50", (TV series),https://en.wikipedia.org/wiki/I_Love_Dick_(TV_series)
" This page was last edited on 9 April 2021, at 19:33",Six Degrees of Kevin Bacon,https://en.wikipedia.org/wiki/Six_Degrees_of_Kevin_Bacon
" This page was last edited on 9 May 2021, at 19:25",Hollywood Walk of Fame,https://en.wikipedia.org/wiki/Hollywood_Walk_of_Fame
" This page was last edited on 24 May 2021, at 07:26",Social networking service,https://en.wikipedia.org/wiki/Social_networking_service
" This page was last edited on 2 March 2021, at 15:35",SixDegrees.org,https://en.wikipedia.org/wiki/SixDegrees.org
" This page was last edited on 20 May 2021, at 03:55",[<Selector xpath='//h1/i/text()' data='The Guardian'>],https://en.wikipedia.org/wiki/The_Guardian
" This page was last edited on 24 May 2021, at 18:27",Academy Awards,https://en.wikipedia.org/wiki/Academy_Award
" This page was last edited on 24 May 2021, at 21:11",Streaming television,https://en.wikipedia.org/wiki/Streaming_television
" This page was last edited on 16 May 2021, at 06:48",Primetime Emmy Awards,https://en.wikipedia.org/wiki/Primetime_Emmy_Award
" This page was last edited on 11 May 2021, at 05:36",Golden Globe Award for Best Actor â€“ Television Series Musical or Comedy,https://en.wikipedia.org/wiki/Golden_Globe_Award_for_Best_Actor_%E2%80%93_Television_Series_Musical_or_Comedy
" This page was last edited on 2 May 2021, at 08:32",Screen Actors Guild Awards,https://en.wikipedia.org/wiki/Screen_Actors_Guild_Award
" This page was last edited on 22 May 2021, at 00:07",Golden Globe Awards,https://en.wikipedia.org/wiki/Golden_Globe_Award
" This page was last edited on 13 May 2021, at 16:50",[<Selector xpath='//h1/i/text()' data='Taking Chance'>],https://en.wikipedia.org/wiki/Taking_Chance
" This page was last edited on 19 March 2021, at 14:58",[<Selector xpath='//h1/i/text()' data='The Following'>],https://en.wikipedia.org/wiki/The_Following
" This page was last edited on 3 April 2021, at 23:58",Ellen Barkin,https://en.wikipedia.org/wiki/Ellen_Barkin
" This page was last edited on 10 May 2021, at 20:17",Henry Louis Gates Jr.,https://en.wikipedia.org/wiki/Henry_Louis_Gates
" This page was last edited on 3 February 2021, at 11:11",Main Page,https://en.wikipedia.org/wiki/Main_Page
" This page was last edited on 21 May 2021, at 09:58",HBO,https://en.wikipedia.org/wiki/HBO
